"['Bilocale via Ceprano 45, Centocelle, Roma', 'Trilocale via Antonino Borzì 21, Centocelle, Roma', 'Attico via di Centocelle 570, Quadraro, Roma', 'Trilocale via dei Ciclamini 127, Centocelle, Roma', 'Appartamento via dei Castani 35, Centocelle, Roma', 'Trilocale via Riofreddo, Centocelle, Roma', 'Monolocale via Delle Azalee, Centocelle, Roma', 'Trilocale via DEI PAMPINI, Centocelle, Roma', 'Bilocale via Valmontone 45, Centocelle, Roma', 'Trilocale via Domenico Panaroli, Centocelle, Roma', 'Trilocale via delle Robinie 111, Centocelle, Roma', 'Trilocale via dei Gelsi, Centocelle, Roma', 'Attico via dei Pioppi 40, Centocelle, Roma', 'Monolocale piazza delle Iris, Centocelle, Roma', 'Trilocale via dei Frassini 24, Centocelle, Roma', 'Villa unifamiliare via della Saggina 15, Centocelle, Roma', 'Trilocale via delle Palme 188, Centocelle, Roma', 'Trilocale via degli Elci 16, Centocelle, Roma', ""Trilocale via Tor de' Schiavi 168, Centocelle, Roma"", 'Trilocale via dei Gelsi 82, Centocelle, Roma', 'Villa bifamiliare, nuova, 122 m², Alessandrino - Torre Spaccata, Roma', 'Trilocale viale della Primavera, Centocelle, Roma', 'Bilocale via delle Palme, Centocelle, Roma', 'Bilocale via dei Gelsi 76, Centocelle, Roma', 'Appartamento viale delle Gardenie 30, Centocelle, Roma', 'Bilocale via Livia Drusilla, Cinecittà, Roma', 'Bilocale via dei Frassini, Centocelle, Roma', 'Trilocale via delle Robinie 63, Centocelle, Roma', 'Monolocale via degli Anemoni, Centocelle, Roma', 'Bilocale via dei Castani 222, Centocelle, Roma', ""Quadrilocale via Tor de' Schiavi 355, Tor de' Schiavi, Roma"", 'Trilocale via dei Glicini 45, Centocelle, Roma', 'Bilocale via delle Albizzie, Centocelle, Roma', 'Bilocale via dei Castani 44, Centocelle, Roma', 'Bilocale via dei Gelsi 5, Centocelle, Roma', 'Trilocale viale Palmiro Togliatti 756, Alessandrino - Torre Spaccata, Roma', 'Bilocale via Calpurnio Fiamma, Cinecittà, Roma', 'Monolocale via degli Olivi, Centocelle, Roma', 'Bilocale piazza dei Pini, Centocelle, Roma', 'Quadrilocale via delle Palme 202, Centocelle, Roma', 'Bilocale via dei Frassini, 100, Centocelle, Roma', 'Attico via degli Ontani 32, Centocelle, Roma', 'Trilocale via Dei Ginepri 66, Centocelle, Roma', 'Trilocale via dei Frassini 61, Centocelle, Roma', 'Trilocale via dei Noci 17, Centocelle, Roma', 'Trilocale via delle Resede, 20, Centocelle, Roma', 'Bilocale via dei Ginepri 66, Centocelle, Roma', 'Trilocale via Prenestina 410B, Centocelle, Roma', 'Bilocale via delle Tuberose, Centocelle, Roma', 'Trilocale via Tor De Schiavi, 0, Centocelle, Roma', 'Bilocale via Giacomo Bresadola 55, Centocelle, Roma', 'Trilocale via Ernesto Mauri, Centocelle, Roma', 'Bilocale via Delle Rose, Centocelle, Roma', 'Attico via delle Acacie, Centocelle, Roma', 'Quadrilocale via dei Gerani, Centocelle, Roma', ""Bilocale via Tor Dè Schiavi, 349, Tor de' Schiavi, Roma"", 'Trilocale via Federico Delpino, Centocelle, Roma', 'Trilocale via Filippo Arena, Centocelle, Roma', 'Trilocale via delle Acacie, Centocelle, Roma', 'Trilocale via delle Robinie, Centocelle, Roma', 'Trilocale via Giovanni Gussone, 30, 00171 Roma Italia, Centocelle, Roma', 'Bilocale via delle Acacie 9, Centocelle, Roma', 'Bilocale via degli Abeti 11, Centocelle, Roma', 'Trilocale via Domenico Panaroli, 41, Centocelle, Roma', 'Attico via Giacomo Bresadola, Centocelle, Roma', 'Bilocale via degli Ontani, Centocelle, Roma', 'Bilocale via delle Acacie 10, Centocelle, Roma', 'Trilocale viale Marco Fulvio Nobiliore 151, Cinecittà, Roma', 'Trilocale via delle Albizzie, Centocelle, Roma', 'Attico via degli Olivi, Centocelle, Roma', 'Trilocale via Federico Delpino, Centocelle, Roma', 'Trilocale via Calpurnio Pisone, Cinecittà, Roma', 'Trilocale piazza delle Peonie 5, Centocelle, Roma', 'Quadrilocale viale Marco Fulvio Nobiliore 153, Cinecittà, Roma', 'Trilocale via dei Noci 81, Centocelle, Roma', 'Bilocale via dei Calicanti 7, Centocelle, Roma', 'Bilocale via delle Mimose 48, Centocelle, Roma', 'Bilocale via dei Platani 112, Centocelle, Roma', 'Trilocale viale delle Gardenie 150, Centocelle, Roma', 'Trilocale via Castore Durante 78, Centocelle, Roma', 'Trilocale via dei Platani 43, Centocelle, Roma', 'Bilocale via delle Ninfee 25, Centocelle, Roma', ""Quadrilocale via Tor de' Schiavi 192, Centocelle, Roma"", 'Attico piazza dei Gerani 51, Centocelle, Roma', 'Bilocale via delle Liane 12, Centocelle, Roma', 'Attico via dei Lauri 67, Centocelle, Roma', 'Bilocale via delle Rose 152, Centocelle, Roma', 'Attico via degli Anemoni 2, Centocelle, Roma', 'Trilocale via degli Aceri 127, Centocelle, Roma', 'Trilocale piazza delle Peonie 5, Centocelle, Roma', 'Trilocale via dei Frassini 48, Centocelle, Roma', 'Trilocale viale Palmiro Togliatti 750, Alessandrino - Torre Spaccata, Roma', 'Bilocale via Vincenzo Menasi 18, Centocelle, Roma', 'Trilocale via dei Licheni 38, Centocelle, Roma', 'Bilocale via delle Mimose 42, Centocelle, Roma', 'Bilocale via delle Acacie, Centocelle, Roma', 'Trilocale via dei Gelsi 37, Centocelle, Roma', 'Bilocale via dei Narcisi 20, Centocelle, Roma', 'Bilocale via degli Anemoni, Centocelle, Roma', 'Attico via delle Sequoie 46, Centocelle, Roma', 'Villa unifamiliare via Ceccano 9, Centocelle, Roma', 'Trilocale via dei Platani 64, Centocelle, Roma', 'Trilocale via delle Betulle 134, Centocelle, Roma', 'Bilocale via Ferentino 50, Centocelle, Roma', 'Bilocale via dei Calicanti 7, Centocelle, Roma', 'Bilocale via dei Frassini, Centocelle, Roma', 'Quadrilocale via delle Acacie 31C, Centocelle, Roma', 'Trilocale via delle Acacie 116, Centocelle, Roma', 'Trilocale via delle Liane 12, Centocelle, Roma', 'Trilocale viale Palmiro Togliatti 514, Alessandrino - Torre Spaccata, Roma', 'Bilocale via Filippo Smaldone, Centocelle, Roma', 'Quadrilocale viale Palmiro Togliatti, Alessandrino - Torre Spaccata, Roma', 'Monolocale via degli Olivi, Centocelle, Roma', 'Attico via degli Olivi, Centocelle, Roma', 'Attico via dei Glicini, Centocelle, Roma', 'Trilocale via Domenico Panaroli, Centocelle, Roma', 'Trilocale via dei Ciclamini, Centocelle, Roma', 'Trilocale via delle Palme, Centocelle, Roma', 'Trilocale via dei Lauri, Centocelle, Roma', 'Bilocale via dei Giunchi, Centocelle, Roma', 'Bilocale via delle Acacie, Centocelle, Roma', 'Trilocale via Giuseppe Lusina, Centocelle, Roma', 'Bilocale via degli Ontani, Centocelle, Roma', 'Monolocale via delle Robinie, Centocelle, Roma', 'Bilocale via delle Celidonie, Centocelle, Roma', ""Trilocale viale della Primavera, Tor de' Schiavi, Roma"", 'Bilocale via dei Frassini 32, Centocelle, Roma', 'Bilocale via Valmontone 45, Centocelle, Roma', 'Bilocale via degli Ontani, Centocelle, Roma', 'Trilocale via dei Gelsi, Centocelle, Roma', 'Trilocale via dei Ciclamini 112, Centocelle, Roma', 'Trilocale via Percile 16, Centocelle, Roma', 'Quadrilocale via Giovanni Gussone, Centocelle, Roma', 'Trilocale via dei Castani 200, Centocelle, Roma', 'Bilocale via Enrico Carano 27, Centocelle, Roma', 'Trilocale via delle Azalee, Centocelle, Roma', 'Villa unifamiliare via Ceprano 53, Centocelle, Roma', 'Bilocale via delle Acacie 69, Centocelle, Roma', 'Monolocale via dei Glicini, Centocelle, Roma', 'Monolocale via dei Glicini, Centocelle, Roma', 'Monolocale via dei Glicini, Centocelle, Roma', 'Trilocale via delle Azalee, Centocelle, Roma', 'Monolocale viale delle Orchidee, Centocelle, Roma', 'Trilocale via delle Albizzie, Centocelle, Roma', 'Bilocale via dei Pini, Centocelle, Roma', 'Trilocale via Prenestina, Centocelle, Roma', 'Bilocale via Federico Delpino 151, Centocelle, Roma', 'Trilocale via Giovanni Passerini, Centocelle, Roma', 'Trilocale via Ferdinando Bassi 5, Centocelle, Roma', 'Trilocale da ristrutturare, secondo piano, Centocelle, Roma', 'Trilocale piazzale delle Gardenie, Centocelle, Roma', 'Bilocale via dei Gelsi, Centocelle, Roma', 'Trilocale via dei Faggi, 138, 00172 Roma Italia, Centocelle, Roma', 'Bilocale via delle Robinie 208, Centocelle, Roma', 'Trilocale via Prenestina, Centocelle, Roma', 'Bilocale via dei Frassini 31, Centocelle, Roma', ""Bilocale via Tor de' Schiavi 271A, Centocelle, Roma"", 'Bilocale via Papiria 50, Cinecittà, Roma', 'Villa bifamiliare viale Palmiro Togliatti 514, Alessandrino - Torre Spaccata, Roma', 'Bilocale via delle Rose 152, Centocelle, Roma', 'Bilocale via dei Castani, Centocelle, Roma', ""Trilocale via Tor de Schiavi, 0, Tor de' Schiavi, Roma"", 'Trilocale viale Marco Fulvio Nobiliore 151, Cinecittà, Roma', 'Bilocale via Calpurnio Pisone 111, Cinecittà, Roma', 'Villa bifamiliare viale Palmiro Togliatti 514, Alessandrino - Torre Spaccata, Roma', 'Bilocale via Calpurnio Pisone 111, Cinecittà, Roma', 'Terratetto plurifamiliare viale Palmiro Togliatti 514, Alessandrino - Torre Spaccata, Roma', 'Bilocale via Papiria 50, Cinecittà, Roma', 'Monolocale via degli Anemoni, Centocelle, Roma', 'Bilocale via DEL VIVAIO, Centocelle, Roma', 'Monolocale via Giovanni Battista De Toni, Centocelle, Roma', 'Bilocale via dei Narcisi, Centocelle, Roma', 'Attico via dei Narcisi 19, Centocelle, Roma', 'Trilocale via dei Frassini 117, Centocelle, Roma', 'Trilocale via delle Albizzie 29, Centocelle, Roma', 'Attico via delle Palme 202, Centocelle, Roma', 'Trilocale via dei Carpini 4, Centocelle, Roma', 'Trilocale viale delle Gardenie, Centocelle, Roma', 'Quadrilocale via dei Castani 111, Centocelle, Roma', 'Bilocale viale Palmiro Togliatti 561, Centocelle, Roma', 'Trilocale via dei Giacinti, Centocelle, Roma', 'Trilocale via dei Gerani, Centocelle, Roma', 'Bilocale via delle Robinie 184, Centocelle, Roma', 'Trilocale via Giacomo Bresadola, Centocelle, Roma', 'Monolocale via degli Anemoni, Centocelle, Roma', 'Bilocale via dei Faggi, Centocelle, Roma', 'Trilocale via delle Mimose 26, Centocelle, Roma', 'Quadrilocale via Arpino, Centocelle, Roma', 'Quadrilocale via Vincenzo Cesati 94, Centocelle, Roma', 'Trilocale via delle Albizzie, Centocelle, Roma', 'Bilocale via Federico Delpino 162, Centocelle, Roma', 'Bilocale via delle Rose 102, Centocelle, Roma', 'Quadrilocale via delle Acacie, Centocelle, Roma', 'Monolocale via degli Ontani, Centocelle, Roma', 'Bilocale via dei Castani, Centocelle, Roma', 'Bilocale via Valmontone 45, Centocelle, Roma', 'Trilocale viale palmiro togliatti 871, Centocelle, Roma', 'Bilocale via Valmontone 45, Centocelle, Roma', 'Bilocale via Valmontone 45, Centocelle, Roma', 'Bilocale via delle Giunchiglie, Centocelle, Roma', 'Trilocale via delle Palme, Centocelle, Roma', 'Bilocale via dei Castani, Centocelle, Roma', 'Trilocale via Vincenzo Menasi 15, Centocelle, Roma', 'Bilocale piazza degli Ontani 3, Centocelle, Roma', 'Quadrilocale via dei Castani, Centocelle, Roma', 'Monolocale via dei Glicini 30, Centocelle, Roma', 'Trilocale via Riofreddo 44, Centocelle, Roma', 'Trilocale via del Trifoglio 43, Centocelle, Roma', 'Bilocale via dei Gelsi, Centocelle, Roma', 'Bilocale via degli elci 39, Centocelle, Roma', 'Trilocale via dei Glicini 137, Centocelle, Roma', 'Bilocale via Valmontone, Centocelle, Roma', 'Quadrilocale via dei Ciclamini, Centocelle, Roma', 'Bilocale via Prenestina, Centocelle, Roma', 'Trilocale via dei Pini, Centocelle, Roma', 'Trilocale via dei Noci, Centocelle, Roma', 'Bilocale via Carpineto, Centocelle, Roma', 'Trilocale via Domenico Panaroli 56, Centocelle, Roma', 'Bilocale via delle Acacie, Centocelle, Roma', 'Bilocale via delle Palme 41, Centocelle, Roma', 'Bilocale via dei Gelsi 54, Centocelle, Roma', 'Monolocale via delle Campanule, Centocelle, Roma', 'Trilocale via Enrico Carano, Centocelle, Roma', 'Bilocale via delle Ortensie 10, Centocelle, Roma', 'Monolocale via dei Glicini, Centocelle, Roma', 'Bilocale via dei Tigli 4, Centocelle, Roma', 'Quadrilocale da ristrutturare, primo piano, Centocelle, Roma', 'Bilocale via dei platani 34, Centocelle, Roma', ""Trilocale via Tor de' Schiavi 151, Centocelle, Roma"", ""Bilocale via Tor De' Schiavi 148, Centocelle, Roma"", 'Monolocale piazza delle Iris 32, Centocelle, Roma', 'Bilocale via Vincenzo Briganti 12, Centocelle, Roma', 'Monolocale via Carpineto 37, Centocelle, Roma', 'Trilocale via delle Betulle, Centocelle, Roma', 'Trilocale viale Marco Fulvio Nobiliore 151, Cinecittà, Roma', 'Bilocale via delle Betulle, Centocelle, Roma', 'Villa unifamiliare via Carpineto 25, Centocelle, Roma', 'Bilocale via degli Olivi, Centocelle, Roma', 'Trilocale via delle Robinie 20, Centocelle, Roma', 'Bilocale viale marco fulvio nobiliore 151 151, Cinecittà, Roma', 'Monolocale via degli Ontani 18, Centocelle, Roma', 'Trilocale largo Santi Romano 21, Cinecittà, Roma', 'Trilocale via delle Palme, Centocelle, Roma', 'Trilocale via Pietro Romualdo Pirotta 10, Centocelle, Roma', 'Trilocale largo Giacomo Bresadola 12, Centocelle, Roma', 'Trilocale via dei Castani, Centocelle, Roma', 'Trilocale via dei Noci, Centocelle, Roma', 'Bilocale viale Palmiro Togliatti 753, Centocelle, Roma', 'Quadrilocale via Giacomo Bresadola 104, Centocelle, Roma', 'Bilocale via delle Ortensie 4, Centocelle, Roma', 'Trilocale via dei Frassini, Centocelle, Roma', 'Trilocale viale marco fulvio nobiliore 151, Cinecittà, Quadraro, Roma', 'Trilocale via Federico Delpino 139, Centocelle, Roma', 'Trilocale via dei Platani 41, Centocelle, Roma', 'Trilocale largo dei Glicini 3, Centocelle, Roma', 'Bilocale via delle Mimose, Centocelle, Roma', 'Bilocale via dei Giunchi 1, Centocelle, Roma', 'Trilocale via Dei Ginepri 66, Centocelle, Roma', 'Trilocale via Delle Robinie, Centocelle, Roma', 'Trilocale via delle Rose 106, Centocelle, Roma', 'Trilocale via delle Albizzie, Centocelle, Roma', 'Trilocale via delle Giunchiglie 35, Centocelle, Roma', 'Bilocale via delle Palme, Centocelle, Roma', 'Bilocale via delle Albizzie 40, Centocelle, Roma', ""Bilocale via Veroli, 0, Tor de' Schiavi, Roma"", 'Trilocale via Tor De Schiavi, 0, Centocelle, Roma', 'Trilocale via delle Mimose, Centocelle, Roma', 'Bilocale via delle Fresie, Centocelle, Roma', 'Bilocale via dei Narcisi, Centocelle, Roma', ""Trilocale via Tor de' Schiavi 168, Centocelle, Roma"", 'Bilocale via dei Lecci, Centocelle, Roma', 'Bilocale via Filippo Arena 24, Centocelle, Roma', 'Bilocale via Castore Durante 80, Centocelle, Roma', 'Bilocale via dei Platani, Centocelle, Roma', 'Bilocale via Tor De Schiavi, 0, Centocelle, Roma', 'Trilocale via delle Acacie 84, Centocelle, Roma', 'Attico via Filippo Smaldone, Centocelle, Roma', 'Monolocale via dei Gelsi, Centocelle, Roma', 'Trilocale via Emilio Chiovenda, Centocelle, Roma', 'Attico piazzale delle Gardenie 12, Centocelle, Roma', 'Trilocale via dei Gelsi 159, Centocelle, Roma', 'Bilocale via Giacomo Bresadola 26, Centocelle, Roma', 'Monolocale via dei platani 34, Centocelle, Roma', 'Trilocale largo Santi Romano, Cinecittà, Roma', 'Trilocale via dei Sesami, Centocelle, Roma', 'Quadrilocale viale Marco Fulvio Nobiliore 151, Cinecittà, Roma', 'Bilocale via dei Platani, Centocelle, Roma', ""Bilocale viale della Primavera, Tor de' Schiavi, Roma"", 'Trilocale via dei Frassini, Centocelle, Roma', 'Trilocale via dei Pampini, Centocelle, Roma', 'Trilocale buono stato, terzo piano, Centocelle, Roma', 'Monolocale via Dei Ciclamini , 4, Centocelle, Roma', 'Monolocale via delle Palme, Centocelle, Roma', ""Trilocale via Tor de' Schiavi, Tor de' Schiavi, Roma"", 'Trilocale via delle Robinie, Centocelle, Roma', 'Trilocale viale della Primavera, Centocelle, Roma', 'Monolocale via dei gelsi 72, Centocelle, Roma', ""Trilocale viale della Primavera, Tor de' Schiavi, Roma"", 'Bilocale via dei Gelsi, Centocelle, Roma', 'Bilocale via dei Virgulti, Centocelle, Roma', 'Quadrilocale via del Trifoglio 43, Centocelle, Roma', 'Quadrilocale via Prenestina 414, Centocelle, Roma', 'Quadrilocale via Prenestina 414, Centocelle, Roma', 'Quadrilocale via del Trifoglio 43, Centocelle, Roma', 'Trilocale via Livia Drusilla 13, Cinecittà, Roma', 'Trilocale via delle Azalee, Centocelle, Roma', 'Trilocale via delle Acacie 98, Centocelle, Roma', 'Trilocale via degli Elci 28, Centocelle, Roma', ""Bilocale via Tor de' Schiavi 63, Centocelle, Roma"", 'Trilocale buono stato, secondo piano, Centocelle, Roma', ""Bilocale via Tor de' Schiavi 149, Centocelle, Roma"", 'Trilocale via delle Chenzie, Centocelle, Roma', 'Trilocale via Dei Castani 70, Centocelle, Roma', 'Bilocale via dei Castani, Centocelle, Roma', 'Bilocale via delle Azalee 136, Centocelle, Roma', 'Trilocale viale delle Gardenie 127, Centocelle, Roma', 'Bilocale via delle Albizzie, Centocelle, Roma', 'Trilocale via dei Frassini, Centocelle, Roma', 'Trilocale buono stato, quarto piano, Centocelle, Roma', 'Bilocale via degli Aceri 136, Centocelle, Roma', 'Bilocale via degli Aceri, Centocelle, Roma', 'Monolocale via delle Palme, 91, Centocelle, Roma', 'Trilocale via Valmontone, Centocelle, Roma', 'Bilocale ottimo stato, terzo piano, Centocelle, Roma', 'Bilocale via dei Virgulti, Centocelle, Roma', 'Bilocale via dei Castani 144, Centocelle, Roma', 'Appartamento via dei Gerani 15, Centocelle, Roma', 'Bilocale via delle Petunie 55, Centocelle, Roma', 'Bilocale via dei Ciclamini 62, Centocelle, Roma', 'Bilocale via Dei Lecci 7, Centocelle, Roma', 'Bilocale via delle Palme 200, Centocelle, Roma', 'Bilocale via dei Noci, Centocelle, Roma', 'Monolocale via delle Giunchiglie, Centocelle, Roma', 'Monolocale via delle Acacie 146, Centocelle, Roma', 'Monolocale via Enrico Carano, Centocelle, Roma', 'Quadrilocale ottimo stato, primo piano, Centocelle, Roma', 'Bilocale via dei Platani, Centocelle, Roma', 'Villa a schiera via delle Ginestre, Centocelle, Roma', 'Bilocale via Antonino Borzì, Centocelle, Roma', 'Trilocale via Giacomo Bresadola, Centocelle, Roma', 'Palazzo - Edificio via delle Acacie 56, Centocelle, Roma', 'Bilocale via delle Ortensie 4, Centocelle, Roma', ""Bilocale via Antonino Borzi' 19, Centocelle, Roma"", 'Bilocale via Delle Robinie 71, Centocelle, Roma', 'Trilocale buono stato, primo piano, Centocelle, Roma', 'Bilocale via dei Gelsi, Centocelle, Roma', 'Bilocale via dei Gelsi, Centocelle, Roma', 'Bilocale via delle Palme, Centocelle, Roma', 'Trilocale via Fridiano Cavara 19, Centocelle, Roma', 'Quadrilocale terzo piano, Centocelle, Roma', 'Trilocale via degli Aceri, Centocelle, Roma', 'Monolocale via delle ginestre 6, Centocelle, Roma', ""Bilocale via Tor de' Schiavi 219, Centocelle, Roma"", 'Trilocale via degli Aceri 136, Centocelle, Roma', 'Bilocale via dei Ciclamini, Centocelle, Roma', 'Quadrilocale via Valmontone, Centocelle, Roma', 'Bilocale via dei Platani 52, Centocelle, Roma', 'Monolocale via delle Palme, Centocelle, Roma', 'Bilocale secondo piano, Centocelle, Roma', 'Trilocale via Filippo Smaldone 69, Centocelle, Roma', 'Trilocale via dei Pioppi 21, Centocelle, Roma', 'Quadrilocale buono stato, Centocelle, Roma', 'Trilocale via dei Platani 189, Centocelle, Roma', 'Bilocale via dei Platani 52, Centocelle, Roma', 'Bilocale via dei Gelsi, Centocelle, Roma', 'Trilocale via dei Gelsi, Centocelle, Roma', 'Quadrilocale via dei Faggi, Centocelle, Roma', 'Trilocale via dei Castani, Centocelle, Roma', 'Bilocale via delle Giunchiglie 51, Centocelle, Roma', 'Trilocale via delle Albizzie, Centocelle, Roma', 'Trilocale via delle Liane, Centocelle, Roma', 'Bilocale via delle Betulle, Centocelle, Roma', 'Bilocale buono stato, quarto piano, Centocelle, Roma', 'Quadrilocale largo Francesco Ardissone 33, Centocelle, Roma', 'Bilocale via delle Albizzie, Centocelle, Roma', 'Trilocale via delle albizzie 29, Centocelle, Roma', 'Attico via degli Aceri, Centocelle, Roma', 'Trilocale via dei Castani, Centocelle, Roma', 'Monolocale via delle Acacie 149, Centocelle, Roma', 'Trilocale buono stato, primo piano, Centocelle, Roma', 'Attico via degli Aceri, Centocelle, Roma', 'Trilocale via dei Pampini, Centocelle, Roma', 'Trilocale via delle Albizzie, Centocelle, Roma', 'Bilocale via degli Olivi, Centocelle, Roma', 'Attico via degli Aceri, Centocelle, Roma', 'Trilocale buono stato, piano terra, Centocelle, Roma', 'Monolocale via Livia Drusilla 33, Cinecittà, Roma', 'Trilocale via delle Mimose, Centocelle, Roma', 'Trilocale via Filippo Smaldone 69, Centocelle, Roma', 'Bilocale via delle Palme, Centocelle, Roma', 'Bilocale via dei Gelsi, Centocelle, Roma', ""Quadrilocale via Tor de' Schiavi, Tor de' Schiavi, Roma"", 'Trilocale via dei Castani 300, Centocelle, Roma', 'Bilocale via Giacomo Bresadola 47, Centocelle, Roma', 'Trilocale via degli Olivi 33, Centocelle, Roma', 'Monolocale via dei Castani 136, Centocelle, Roma', 'Bilocale via delle Robinie, Centocelle, Roma', 'Bilocale via Antonino Borzì, Centocelle, Roma', 'Terratetto plurifamiliare via Valmontone 67, Centocelle, Roma', 'Bilocale via dei Gelsi, Centocelle, Roma', 'Villa unifamiliare via dei Pioppi, Centocelle, Roma', 'Bilocale via delle Albizzie, Centocelle, Roma', 'Trilocale via dei Gerani 15, Centocelle, Roma', 'Trilocale via del Vivaio, Centocelle, Roma', 'Quadrilocale via degli Abeti, Centocelle, Roma', 'Trilocale via delle Robinie, Centocelle, Roma', 'Quadrilocale via degli Abeti, Centocelle, Roma', 'Trilocale via dei Ciclamini, Centocelle, Roma', 'Bilocale buono stato, secondo piano, Centocelle, Roma', 'Quadrilocale da ristrutturare, piano rialzato, Centocelle, Roma', 'Monolocale via delle Palme, Centocelle, Roma', 'Trilocale via delle Azalee 26, Centocelle, Roma', 'Appartamento via Delle Celedonie, Centocelle, Roma', 'Trilocale largo Girolamo Cocconi, Centocelle, Roma', 'Trilocale via delle Albizzie, Centocelle, Roma', ""Bilocale via Tor de' Schiavi, Tor de' Schiavi, Roma"", 'Quadrilocale via Giovanni Arcangeli, Centocelle, Roma', ""Trilocale via Tor de' Schiavi 267, Tor de' Schiavi, Roma"", 'Bilocale via dei Platani 52, Centocelle, Roma', 'Bilocale via dei Platani 52, Centocelle, Roma', 'Bilocale via Federico Delpino, Centocelle, Roma', 'Bilocale via dei Platani 52, Centocelle, Roma', 'Trilocale viale Palmiro Togliatti 869, Centocelle, Roma', 'Monolocale via delle Acacie, Centocelle, Roma', 'Trilocale viale delle Gardenie 171, Centocelle, Roma', 'Bilocale via delle Palme, Centocelle, Roma', 'Bilocale via Carpineto, 32, Centocelle, Roma', 'Bilocale buono stato, secondo piano, Centocelle, Roma', 'Trilocale via dei Carpini, Centocelle, Roma', 'Trilocale via Filippo Smaldone, Centocelle, Roma', 'Quadrilocale via delle Robinie, Centocelle, Roma', 'Quadrilocale via dei Platani 12, Centocelle, Roma', 'Trilocale via dei Gelsi, Centocelle, Roma', 'Trilocale via degli Olivi, Centocelle, Roma', 'Trilocale via Filippo Smaldone 69, Centocelle, Roma', 'Trilocale via Filippo Smaldone 69, Centocelle, Roma', 'Bilocale piano terra, Centocelle, Roma', 'Trilocale via Federico Delpino, Centocelle, Roma', 'Quadrilocale via dei Glicini, Centocelle, Roma', 'Quadrilocale piano terra, Centocelle, Roma', 'Bilocale via dei Noci, Centocelle, Roma', 'Bilocale via delle Palme, Centocelle, Roma', 'Bilocale viale Palmiro Togliatti 756, Alessandrino - Torre Spaccata, Roma', 'Trilocale via dei Carpini, Centocelle, Roma', 'Trilocale viale Marco Fulvio Nobiliore 153, Cinecittà, Roma', 'Bilocale viale Palmiro Togliatti 884, Alessandrino - Torre Spaccata, Roma', 'Appartamento via dei Platani 52, Centocelle, Roma', 'Quadrilocale da ristrutturare, secondo piano, Centocelle, Roma', 'Bilocale via Filippo Parlatore, Centocelle, Roma', 'Trilocale via delle Albizzie, Centocelle, Roma', 'Bilocale primo piano, Centocelle, Roma', 'Palazzo - Edificio via dei Platani, Centocelle, Roma', 'Palazzo - Edificio via dei Platani, Centocelle, Roma', 'Trilocale via Vincenzo Menasi, Centocelle, Roma', 'Bilocale buono stato, secondo piano, Centocelle, Roma', ""Monolocale via Tor de' Schiavi, Tor de' Schiavi, Roma"", 'Bilocale via Carpineto , 32, Centocelle, Roma', 'Bilocale via dei Noci, Centocelle, Roma', 'Trilocale via dei Castani 45, Centocelle, Roma', 'Bilocale via delle Giunchiglie 51, Centocelle, Roma', 'Monolocale viale Palmiro Togliatti 756, Alessandrino - Torre Spaccata, Roma', 'Bilocale via dei Gelsi, Centocelle, Roma', 'Bilocale via Arpino, Centocelle, Roma', 'Bilocale via delle Betulle, Centocelle, Roma', 'Monolocale via delle Rose 122, Centocelle, Roma', 'Trilocale piazza dei Mirti, Centocelle, Roma', 'Bilocale via delle Acacie 33, Centocelle, Roma', 'Bilocale via Dei Ciclamini , 60, Centocelle, Roma', 'Bilocale via Vincenzo Cesati, Centocelle, Roma', 'Bilocale via delle Palme, Centocelle, Roma', 'Bilocale viale delle Gardenie, Centocelle, Roma', 'Trilocale 105 m², Centocelle, Roma', 'Trilocale via dei Glicini, 91, Centocelle, Roma', ""Quadrilocale buono stato, primo piano, Tor de' Schiavi, Roma"", 'Trilocale viale della Primavera, Centocelle, Roma', ""Attico via Tor de' Schiavi 129, Centocelle, Roma"", 'Bilocale via delle Azalee, Centocelle, Roma', 'Trilocale via delle Acacie 31, Centocelle, Roma', 'Trilocale via dei Castani, Centocelle, Roma', 'Bilocale via degli Olivi 90, Centocelle, Roma', 'Bilocale via Filippo Smaldone 14, Centocelle, Roma', 'Bilocale via Calpurnio Fiamma, Centocelle, Roma', 'Appartamento via dei Frassini 132, Centocelle, Roma', 'Trilocale viale delle Gardenie 167, Centocelle, Roma', 'Bilocale via Federico Delpino, Centocelle, Roma', 'Trilocale via delle Albizzie 24, Centocelle, Roma', 'Bilocale via dei Gelsi 54, Centocelle, Roma', 'Trilocale via delle Robinie, Centocelle, Roma', 'Trilocale via dei Castani, Centocelle, Roma', 'Quadrilocale via delle Azalee, Centocelle, Roma']","['€ 169.000', '€ 222.000', '€ 259.000', '€ 259.000', '€ 330.000', '€ 208.000', '€ 139.000', '€ 275.000', '€ 200.000', '€ 329.000', '€ 235.000', '€ 249.000', '€ 125.000€ 138.000(-9,4%)', '€ 100.000', '€ 144.000', '€ 309.000', '€ 279.000', '€ 195.000€ 207.000(-5,8%)', '€ 210.000', '€ 239.000', '€ 379.000', '€ 279.000', '€ 125.000', '€ 137.000', '€ 430.000', '€ 220.000', '€ 190.000', '€ 249.000', '€ 145.000', '€ 185.000', '€ 280.000', '€ 159.000', '€ 179.000', '€ 145.000', '€ 165.000', '€ 210.000', '€ 175.000', '€ 103.000', '€ 155.000', '€ 279.000', '€ 165.000', '€ 169.000', '€ 329.000', '€ 195.000', '€ 239.000', '€ 235.000', '€ 185.000', '€ 249.000', '€ 99.000', '€ 295.000', '€ 165.000', '€ 175.000', '€ 150.000', '€ 150.000', '€ 299.000', '€ 145.000', '€ 248.000', '€ 319.000', '€ 169.000', '€ 230.000', '€ 249.000', '€ 169.000', '€ 135.000€ 150.000(-10,0%)', '€ 290.000', '€ 295.000', '€ 205.000', '€ 129.000', '€ 290.000', '€ 289.000', '€ 209.000', '€ 219.000', '€ 199.000', '€ 219.000', '€ 235.000', '€ 229.000', '€ 150.000', '€ 165.000', '€ 172.000', '€ 220.000', '€ 269.000', '€ 210.000', '€ 179.000', '€ 349.000', '€ 209.000€ 225.000(-7,1%)', '€ 184.000', '€ 229.000', '€ 179.000', '€ 209.000', '€ 169.000', '€ 229.000', '€ 385.000', '€ 185.000', '€ 109.000', '€ 209.000', '€ 175.000', '€ 165.000', '€ 239.000', '€ 147.000', '€ 159.000', '€ 429.000', '€ 529.000', '€ 285.000', '€ 210.000', '€ 145.000', '€ 159.000', '€ 149.000', '€ 319.000€ 339.000(-5,9%)', '€ 159.000', '€ 235.000', '€ 169.000', '€ 199.000', '€ 195.000', '€ 124.000', '€ 315.000', '€ 145.000', '€ 249.000', '€ 187.000', '€ 209.000', '€ 279.000', '€ 157.000', '€ 132.000', '€ 269.000', '€ 179.000', '€ 85.000', '€ 179.000', '€ 332.000', '€ 129.000', '€ 230.000', '€ 135.000', '€ 187.000', '€ 289.000', '€ 240.000', '€ 390.000', '€ 169.000', '€ 179.000', '€ 270.000', '€ 289.000', '€ 109.000€ 115.000(-5,2%)', '€ 95.000', '€ 95.000', '€ 99.000', '€ 149.000', '€ 132.000', '€ 199.000', '€ 148.000', '€ 260.000€ 279.000(-6,8%)', '€ 175.000', '€ 383.000', '€ 149.000', '€ 175.000', '€ 219.000', '€ 129.000', '€ 225.000', '€ 149.000', '€ 239.000', '€ 158.000', '€ 139.000', '€ 249.000', '€ 269.000', '€ 149.000', '€ 140.000', '€ 269.000', '€ 255.000', '€ 169.000', '€ 269.000', '€ 189.000', '€ 269.000', '€ 249.000', '€ 85.000', '€ 185.000', '€ 109.000', '€ 172.000', '€ 320.000', '€ 179.000', '€ 250.000', '€ 279.000', '€ 179.000', '€ 179.000', '€ 259.000', '€ 129.000', '€ 239.000', '€ 210.000', '€ 199.000', '€ 229.000', '€ 155.000', '€ 115.000', '€ 167.000', '€ 255.000', '€ 265.000€ 285.000(-7,0%)', '€ 309.000', '€ 225.000', '€ 119.000', '€ 250.000', '€ 115.000', '€ 179.000', '€ 210.000', '€ 93.750', '€ 230.000', '€ 210.000', '€ 199.000', '€ 169.000', '€ 229.000', '€ 149.000', '€ 110.000', '€ 249.000', '€ 89.000', '€ 239.000', '€ 299.000', '€ 160.000', '€ 159.000', '€ 319.000', '€ 44.000', '€ 450.000', '€ 185.000', '€ 209.000', '€ 175.000', '€ 98.000', '€ 330.000', '€ 179.000€ 189.000(-5,3%)', '€ 180.000', '€ 180.000', '€ 69.500€ 79.000(-12,0%)', '€ 185.000', '€ 74.000', '€ 95.000', '€ 149.000', '€ 349.000', '€ 165.000', '€ 239.000', '€ 215.000', '€ 99.999', '€ 189.000', '€ 64.999', '€ 244.000', '€ 269.000', '€ 169.000', '€ 260.000', '€ 163.000', '€ 223.000', '€ 190.000', '€ 145.000', '€ 148.000', '€ 235.000', '€ 210.000', '€ 265.000', '€ 215.000', '€ 269.000', '€ 95.000', '€ 295.000', '€ 150.000', '€ 199.000€ 210.000(-5,2%)', '€ 245.000', '€ 219.000', '€ 269.000', '€ 215.000', '€ 125.000', '€ 149.000', '€ 279.000', '€ 140.000', '€ 265.000', '€ 289.000', '€ 175.000', '€ 195.000', '€ 99.000€ 105.000(-5,7%)', '€ 199.000', '€ 245.000€ 259.000(-5,4%)', '€ 190.000', '€ 159.000', '€ 200.000', '€ 210.000', '€ 135.000', '€ 180.000', '€ 249.000', '€ 149.000', '€ 197.000', '€ 239.000', '€ 380.000', '€ 119.000', '€ 255.000', '€ 280.000€ 295.000(-5,1%)', '€ 165.000', '€ 165.000', '€ 125.000', '€ 229.000', '€ 175.000', '€ 310.000', '€ 123.000', '€ 209.000', '€ 199.000', '€ 200.000', '€ 190.000', '€ 126.000', '€ 155.000', '€ 195.000', '€ 340.000', '€ 239.000', '€ 119.000', '€ 239.000', '€ 130.000', '€ 160.000', '€ 379.000', '€ 329.000', '€ 329.000', '€ 379.000', '€ 249.000', '€ 190.000', '€ 189.000', '€ 190.000', '€ 188.000', '€ 280.000', '€ 225.000', '€ 155.000€ 165.000(-6,1%)', '€ 239.000', '€ 135.000', '€ 169.000', '€ 149.000', '€ 195.000', '€ 210.000', '€ 235.000', '€ 80.000', '€ 159.000', '€ 100.000', '€ 289.000', '€ 195.000', '€ 165.000', '€ 195.000', '€ 430.000', '€ 175.000', '€ 129.000', '€ 145.000', '€ 159.000', '€ 163.000', '€ 60.000', '€ 115.000', '€ 105.000', '€ 349.000', '€ 199.000', '€ 210.000', '€ 165.000', '€ 359.000', '€ 6.300.000', '€ 149.000', '€ 199.000', '€ 129.000', '€ 247.000', '€ 142.000', '€ 129.000', '€ 145.000', '€ 235.000', '€ 365.000', '€ 189.000', '€ 109.000', '€ 150.000', '€ 179.900', '€ 169.000', '€ 339.000', '€ 199.000', '€ 159.000', '€ 219.000', '€ 270.000', '€ 149.000', '€ 315.000', '€ 159.000', '€ 199.000', '€ 129.000', '€ 268.000', '€ 255.000', '€ 185.000', '€ 153.000', '€ 289.000', '€ 169.000', '€ 169.000', '€ 175.000', '€ 75.000', '€ 179.000', '€ 175.000', '€ 420.000', '€ 185.000', '€ 110.000', '€ 140.000', '€ 200.000', '€ 115.000', '€ 289.000', '€ 149.000', '€ 220.000', '€ 215.000', '€ 129.000', '€ 169.000', '€ 270.000', '€ 145.000', '€ 129.000', '€ 210.000', '€ 199.000', '€ 180.000', '€ 168.000', '€ 140.000', '€ 305.000', '€ 165.000', '€ 450.000', '€ 129.000', '€ 180.000', '€ 159.000', '€ 275.000', '€ 169.000', '€ 259.000', '€ 325.000', '€ 259.000', '€ 209.000', '€ 180.000', '€ 169.000', '€ 159.000', '€ 209.000', '€ 275.000', '€ 245.000', '€ 289.000', '€ 175.000', '€ 299.000', '€ 210.000', '€ 199.000', '€ 199.000', '€ 320.000', '€ 199.000', '€ 75.000€ 93.750(-20,0%)', '€ 97.000', '€ 320.000', '€ 145.000', '€ 129.000', '€ 168.000', '€ 270.000', '€ 379.000', '€ 298.000', '€ 195.000', '€ 270.000', '€ 270.000', '€ 125.000', '€ 229.000', '€ 319.000', '€ 289.000', '€ 135.000', '€ 150.000', '€ 279.000', '€ 93.750', '€ 199.000', '€ 239.000', '€ 150.000', '€ 269.000', '€ 162.000', '€ 195.000', '€ 159.000', '€ 110.000', '€ 129.000', '€ 158.000€ 169.000(-6,5%)', '€ 209.000', '€ 153.000', '€ 140.000', '€ 129.000', '€ 115.000', '€ 175.000', '€ 48.750', '€ 200.000', '€ 145.000', '€ 110.000', '€ 195.000', '€ 145.000', '€ 195.000', '€ 259.000', '€ 190.000', '€ 499.000', '€ 309.000', '€ 185.000', '€ 180.000', '€ 240.000', '€ 330.000', '€ 149.000', '€ 210.000', '€ 180.000', '€ 30.000', '€ 290.000', '€ 170.000', '€ 289.000', '€ 180.000', '€ 187.000', '€ 239.000', '€ 330.000']"
€, ,1,6,9,.,0,0,0
€, ,2,2,2,.,0,0,0
€, ,2,5,9,.,0,0,0
€, ,2,5,9,.,0,0,0
€, ,3,3,0,.,0,0,0
€, ,2,0,8,.,0,0,0
€, ,1,3,9,.,0,0,0
€, ,2,7,5,.,0,0,0
€, ,2,0,0,.,0,0,0
€, ,3,2,9,.,0,0,0
€, ,2,3,5,.,0,0,0
€, ,2,4,9,.,0,0,0
€, ,1,2,5,.,0,0,0,€, ,1,3,8,.,0,0,0,(,-,9,",",4,%,)
€, ,1,0,0,.,0,0,0
€, ,1,4,4,.,0,0,0
€, ,3,0,9,.,0,0,0
€, ,2,7,9,.,0,0,0
€, ,1,9,5,.,0,0,0,€, ,2,0,7,.,0,0,0,(,-,5,",",8,%,)
€, ,2,1,0,.,0,0,0
€, ,2,3,9,.,0,0,0
€, ,3,7,9,.,0,0,0
€, ,2,7,9,.,0,0,0
€, ,1,2,5,.,0,0,0
€, ,1,3,7,.,0,0,0
€, ,4,3,0,.,0,0,0
€, ,2,2,0,.,0,0,0
€, ,1,9,0,.,0,0,0
€, ,2,4,9,.,0,0,0
€, ,1,4,5,.,0,0,0
€, ,1,8,5,.,0,0,0
€, ,2,8,0,.,0,0,0
€, ,1,5,9,.,0,0,0
€, ,1,7,9,.,0,0,0
€, ,1,4,5,.,0,0,0
€, ,1,6,5,.,0,0,0
€, ,2,1,0,.,0,0,0
€, ,1,7,5,.,0,0,0
€, ,1,0,3,.,0,0,0
€, ,1,5,5,.,0,0,0
€, ,2,7,9,.,0,0,0
€, ,1,6,5,.,0,0,0
€, ,1,6,9,.,0,0,0
€, ,3,2,9,.,0,0,0
€, ,1,9,5,.,0,0,0
€, ,2,3,9,.,0,0,0
€, ,2,3,5,.,0,0,0
€, ,1,8,5,.,0,0,0
€, ,2,4,9,.,0,0,0
€, ,9,9,.,0,0,0
€, ,2,9,5,.,0,0,0
€, ,1,6,5,.,0,0,0
€, ,1,7,5,.,0,0,0
€, ,1,5,0,.,0,0,0
€, ,1,5,0,.,0,0,0
€, ,2,9,9,.,0,0,0
€, ,1,4,5,.,0,0,0
€, ,2,4,8,.,0,0,0
€, ,3,1,9,.,0,0,0
€, ,1,6,9,.,0,0,0
€, ,2,3,0,.,0,0,0
€, ,2,4,9,.,0,0,0
€, ,1,6,9,.,0,0,0
€, ,1,3,5,.,0,0,0,€, ,1,5,0,.,0,0,0,(,-,1,0,",",0,%,)
€, ,2,9,0,.,0,0,0
€, ,2,9,5,.,0,0,0
€, ,2,0,5,.,0,0,0
€, ,1,2,9,.,0,0,0
€, ,2,9,0,.,0,0,0
€, ,2,8,9,.,0,0,0
€, ,2,0,9,.,0,0,0
€, ,2,1,9,.,0,0,0
€, ,1,9,9,.,0,0,0
€, ,2,1,9,.,0,0,0
€, ,2,3,5,.,0,0,0
€, ,2,2,9,.,0,0,0
€, ,1,5,0,.,0,0,0
€, ,1,6,5,.,0,0,0
€, ,1,7,2,.,0,0,0
€, ,2,2,0,.,0,0,0
€, ,2,6,9,.,0,0,0
€, ,2,1,0,.,0,0,0
€, ,1,7,9,.,0,0,0
€, ,3,4,9,.,0,0,0
€, ,2,0,9,.,0,0,0,€, ,2,2,5,.,0,0,0,(,-,7,",",1,%,)
€, ,1,8,4,.,0,0,0
€, ,2,2,9,.,0,0,0
€, ,1,7,9,.,0,0,0
€, ,2,0,9,.,0,0,0
€, ,1,6,9,.,0,0,0
€, ,2,2,9,.,0,0,0
€, ,3,8,5,.,0,0,0
€, ,1,8,5,.,0,0,0
€, ,1,0,9,.,0,0,0
€, ,2,0,9,.,0,0,0
€, ,1,7,5,.,0,0,0
€, ,1,6,5,.,0,0,0
€, ,2,3,9,.,0,0,0
€, ,1,4,7,.,0,0,0
€, ,1,5,9,.,0,0,0
€, ,4,2,9,.,0,0,0
€, ,5,2,9,.,0,0,0
€, ,2,8,5,.,0,0,0
€, ,2,1,0,.,0,0,0
€, ,1,4,5,.,0,0,0
€, ,1,5,9,.,0,0,0
€, ,1,4,9,.,0,0,0
€, ,3,1,9,.,0,0,0,€, ,3,3,9,.,0,0,0,(,-,5,",",9,%,)
€, ,1,5,9,.,0,0,0
€, ,2,3,5,.,0,0,0
€, ,1,6,9,.,0,0,0
€, ,1,9,9,.,0,0,0
€, ,1,9,5,.,0,0,0
€, ,1,2,4,.,0,0,0
€, ,3,1,5,.,0,0,0
€, ,1,4,5,.,0,0,0
€, ,2,4,9,.,0,0,0
€, ,1,8,7,.,0,0,0
€, ,2,0,9,.,0,0,0
€, ,2,7,9,.,0,0,0
€, ,1,5,7,.,0,0,0
€, ,1,3,2,.,0,0,0
€, ,2,6,9,.,0,0,0
€, ,1,7,9,.,0,0,0
€, ,8,5,.,0,0,0
€, ,1,7,9,.,0,0,0
€, ,3,3,2,.,0,0,0
€, ,1,2,9,.,0,0,0
€, ,2,3,0,.,0,0,0
€, ,1,3,5,.,0,0,0
€, ,1,8,7,.,0,0,0
€, ,2,8,9,.,0,0,0
€, ,2,4,0,.,0,0,0
€, ,3,9,0,.,0,0,0
€, ,1,6,9,.,0,0,0
€, ,1,7,9,.,0,0,0
€, ,2,7,0,.,0,0,0
€, ,2,8,9,.,0,0,0
€, ,1,0,9,.,0,0,0,€, ,1,1,5,.,0,0,0,(,-,5,",",2,%,)
€, ,9,5,.,0,0,0
€, ,9,5,.,0,0,0
€, ,9,9,.,0,0,0
€, ,1,4,9,.,0,0,0
€, ,1,3,2,.,0,0,0
€, ,1,9,9,.,0,0,0
€, ,1,4,8,.,0,0,0
€, ,2,6,0,.,0,0,0,€, ,2,7,9,.,0,0,0,(,-,6,",",8,%,)
€, ,1,7,5,.,0,0,0
€, ,3,8,3,.,0,0,0
€, ,1,4,9,.,0,0,0
€, ,1,7,5,.,0,0,0
€, ,2,1,9,.,0,0,0
€, ,1,2,9,.,0,0,0
€, ,2,2,5,.,0,0,0
€, ,1,4,9,.,0,0,0
€, ,2,3,9,.,0,0,0
€, ,1,5,8,.,0,0,0
€, ,1,3,9,.,0,0,0
€, ,2,4,9,.,0,0,0
€, ,2,6,9,.,0,0,0
€, ,1,4,9,.,0,0,0
€, ,1,4,0,.,0,0,0
€, ,2,6,9,.,0,0,0
€, ,2,5,5,.,0,0,0
€, ,1,6,9,.,0,0,0
€, ,2,6,9,.,0,0,0
€, ,1,8,9,.,0,0,0
€, ,2,6,9,.,0,0,0
€, ,2,4,9,.,0,0,0
€, ,8,5,.,0,0,0
€, ,1,8,5,.,0,0,0
€, ,1,0,9,.,0,0,0
€, ,1,7,2,.,0,0,0
€, ,3,2,0,.,0,0,0
€, ,1,7,9,.,0,0,0
€, ,2,5,0,.,0,0,0
€, ,2,7,9,.,0,0,0
€, ,1,7,9,.,0,0,0
€, ,1,7,9,.,0,0,0
€, ,2,5,9,.,0,0,0
€, ,1,2,9,.,0,0,0
€, ,2,3,9,.,0,0,0
€, ,2,1,0,.,0,0,0
€, ,1,9,9,.,0,0,0
€, ,2,2,9,.,0,0,0
€, ,1,5,5,.,0,0,0
€, ,1,1,5,.,0,0,0
€, ,1,6,7,.,0,0,0
€, ,2,5,5,.,0,0,0
€, ,2,6,5,.,0,0,0,€, ,2,8,5,.,0,0,0,(,-,7,",",0,%,)
€, ,3,0,9,.,0,0,0
€, ,2,2,5,.,0,0,0
€, ,1,1,9,.,0,0,0
€, ,2,5,0,.,0,0,0
€, ,1,1,5,.,0,0,0
€, ,1,7,9,.,0,0,0
€, ,2,1,0,.,0,0,0
€, ,9,3,.,7,5,0
€, ,2,3,0,.,0,0,0
€, ,2,1,0,.,0,0,0
€, ,1,9,9,.,0,0,0
€, ,1,6,9,.,0,0,0
€, ,2,2,9,.,0,0,0
€, ,1,4,9,.,0,0,0
€, ,1,1,0,.,0,0,0
€, ,2,4,9,.,0,0,0
€, ,8,9,.,0,0,0
€, ,2,3,9,.,0,0,0
€, ,2,9,9,.,0,0,0
€, ,1,6,0,.,0,0,0
€, ,1,5,9,.,0,0,0
€, ,3,1,9,.,0,0,0
€, ,4,4,.,0,0,0
€, ,4,5,0,.,0,0,0
€, ,1,8,5,.,0,0,0
€, ,2,0,9,.,0,0,0
€, ,1,7,5,.,0,0,0
€, ,9,8,.,0,0,0
€, ,3,3,0,.,0,0,0
€, ,1,7,9,.,0,0,0,€, ,1,8,9,.,0,0,0,(,-,5,",",3,%,)
€, ,1,8,0,.,0,0,0
€, ,1,8,0,.,0,0,0
€, ,6,9,.,5,0,0,€, ,7,9,.,0,0,0,(,-,1,2,",",0,%,)
€, ,1,8,5,.,0,0,0
€, ,7,4,.,0,0,0
€, ,9,5,.,0,0,0
€, ,1,4,9,.,0,0,0
€, ,3,4,9,.,0,0,0
€, ,1,6,5,.,0,0,0
€, ,2,3,9,.,0,0,0
€, ,2,1,5,.,0,0,0
€, ,9,9,.,9,9,9
€, ,1,8,9,.,0,0,0
€, ,6,4,.,9,9,9
€, ,2,4,4,.,0,0,0
€, ,2,6,9,.,0,0,0
€, ,1,6,9,.,0,0,0
€, ,2,6,0,.,0,0,0
€, ,1,6,3,.,0,0,0
€, ,2,2,3,.,0,0,0
€, ,1,9,0,.,0,0,0
€, ,1,4,5,.,0,0,0
€, ,1,4,8,.,0,0,0
€, ,2,3,5,.,0,0,0
€, ,2,1,0,.,0,0,0
€, ,2,6,5,.,0,0,0
€, ,2,1,5,.,0,0,0
€, ,2,6,9,.,0,0,0
€, ,9,5,.,0,0,0
€, ,2,9,5,.,0,0,0
€, ,1,5,0,.,0,0,0
€, ,1,9,9,.,0,0,0,€, ,2,1,0,.,0,0,0,(,-,5,",",2,%,)
€, ,2,4,5,.,0,0,0
€, ,2,1,9,.,0,0,0
€, ,2,6,9,.,0,0,0
€, ,2,1,5,.,0,0,0
€, ,1,2,5,.,0,0,0
€, ,1,4,9,.,0,0,0
€, ,2,7,9,.,0,0,0
€, ,1,4,0,.,0,0,0
€, ,2,6,5,.,0,0,0
€, ,2,8,9,.,0,0,0
€, ,1,7,5,.,0,0,0
€, ,1,9,5,.,0,0,0
€, ,9,9,.,0,0,0,€, ,1,0,5,.,0,0,0,(,-,5,",",7,%,)
€, ,1,9,9,.,0,0,0
€, ,2,4,5,.,0,0,0,€, ,2,5,9,.,0,0,0,(,-,5,",",4,%,)
€, ,1,9,0,.,0,0,0
€, ,1,5,9,.,0,0,0
€, ,2,0,0,.,0,0,0
€, ,2,1,0,.,0,0,0
€, ,1,3,5,.,0,0,0
€, ,1,8,0,.,0,0,0
€, ,2,4,9,.,0,0,0
€, ,1,4,9,.,0,0,0
€, ,1,9,7,.,0,0,0
€, ,2,3,9,.,0,0,0
€, ,3,8,0,.,0,0,0
€, ,1,1,9,.,0,0,0
€, ,2,5,5,.,0,0,0
€, ,2,8,0,.,0,0,0,€, ,2,9,5,.,0,0,0,(,-,5,",",1,%,)
€, ,1,6,5,.,0,0,0
€, ,1,6,5,.,0,0,0
€, ,1,2,5,.,0,0,0
€, ,2,2,9,.,0,0,0
€, ,1,7,5,.,0,0,0
€, ,3,1,0,.,0,0,0
€, ,1,2,3,.,0,0,0
€, ,2,0,9,.,0,0,0
€, ,1,9,9,.,0,0,0
€, ,2,0,0,.,0,0,0
€, ,1,9,0,.,0,0,0
€, ,1,2,6,.,0,0,0
€, ,1,5,5,.,0,0,0
€, ,1,9,5,.,0,0,0
€, ,3,4,0,.,0,0,0
€, ,2,3,9,.,0,0,0
€, ,1,1,9,.,0,0,0
€, ,2,3,9,.,0,0,0
€, ,1,3,0,.,0,0,0
€, ,1,6,0,.,0,0,0
€, ,3,7,9,.,0,0,0
€, ,3,2,9,.,0,0,0
€, ,3,2,9,.,0,0,0
€, ,3,7,9,.,0,0,0
€, ,2,4,9,.,0,0,0
€, ,1,9,0,.,0,0,0
€, ,1,8,9,.,0,0,0
€, ,1,9,0,.,0,0,0
€, ,1,8,8,.,0,0,0
€, ,2,8,0,.,0,0,0
€, ,2,2,5,.,0,0,0
€, ,1,5,5,.,0,0,0,€, ,1,6,5,.,0,0,0,(,-,6,",",1,%,)
€, ,2,3,9,.,0,0,0
€, ,1,3,5,.,0,0,0
€, ,1,6,9,.,0,0,0
€, ,1,4,9,.,0,0,0
€, ,1,9,5,.,0,0,0
€, ,2,1,0,.,0,0,0
€, ,2,3,5,.,0,0,0
€, ,8,0,.,0,0,0
€, ,1,5,9,.,0,0,0
€, ,1,0,0,.,0,0,0
€, ,2,8,9,.,0,0,0
€, ,1,9,5,.,0,0,0
€, ,1,6,5,.,0,0,0
€, ,1,9,5,.,0,0,0
€, ,4,3,0,.,0,0,0
€, ,1,7,5,.,0,0,0
€, ,1,2,9,.,0,0,0
€, ,1,4,5,.,0,0,0
€, ,1,5,9,.,0,0,0
€, ,1,6,3,.,0,0,0
€, ,6,0,.,0,0,0
€, ,1,1,5,.,0,0,0
€, ,1,0,5,.,0,0,0
€, ,3,4,9,.,0,0,0
€, ,1,9,9,.,0,0,0
€, ,2,1,0,.,0,0,0
€, ,1,6,5,.,0,0,0
€, ,3,5,9,.,0,0,0
€, ,6,.,3,0,0,.,0,0,0
€, ,1,4,9,.,0,0,0
€, ,1,9,9,.,0,0,0
€, ,1,2,9,.,0,0,0
€, ,2,4,7,.,0,0,0
€, ,1,4,2,.,0,0,0
€, ,1,2,9,.,0,0,0
€, ,1,4,5,.,0,0,0
€, ,2,3,5,.,0,0,0
€, ,3,6,5,.,0,0,0
€, ,1,8,9,.,0,0,0
€, ,1,0,9,.,0,0,0
€, ,1,5,0,.,0,0,0
€, ,1,7,9,.,9,0,0
€, ,1,6,9,.,0,0,0
€, ,3,3,9,.,0,0,0
€, ,1,9,9,.,0,0,0
€, ,1,5,9,.,0,0,0
€, ,2,1,9,.,0,0,0
€, ,2,7,0,.,0,0,0
€, ,1,4,9,.,0,0,0
€, ,3,1,5,.,0,0,0
€, ,1,5,9,.,0,0,0
€, ,1,9,9,.,0,0,0
€, ,1,2,9,.,0,0,0
€, ,2,6,8,.,0,0,0
€, ,2,5,5,.,0,0,0
€, ,1,8,5,.,0,0,0
€, ,1,5,3,.,0,0,0
€, ,2,8,9,.,0,0,0
€, ,1,6,9,.,0,0,0
€, ,1,6,9,.,0,0,0
€, ,1,7,5,.,0,0,0
€, ,7,5,.,0,0,0
€, ,1,7,9,.,0,0,0
€, ,1,7,5,.,0,0,0
€, ,4,2,0,.,0,0,0
€, ,1,8,5,.,0,0,0
€, ,1,1,0,.,0,0,0
€, ,1,4,0,.,0,0,0
€, ,2,0,0,.,0,0,0
€, ,1,1,5,.,0,0,0
€, ,2,8,9,.,0,0,0
€, ,1,4,9,.,0,0,0
€, ,2,2,0,.,0,0,0
€, ,2,1,5,.,0,0,0
€, ,1,2,9,.,0,0,0
€, ,1,6,9,.,0,0,0
€, ,2,7,0,.,0,0,0
€, ,1,4,5,.,0,0,0
€, ,1,2,9,.,0,0,0
€, ,2,1,0,.,0,0,0
€, ,1,9,9,.,0,0,0
€, ,1,8,0,.,0,0,0
€, ,1,6,8,.,0,0,0
€, ,1,4,0,.,0,0,0
€, ,3,0,5,.,0,0,0
€, ,1,6,5,.,0,0,0
€, ,4,5,0,.,0,0,0
€, ,1,2,9,.,0,0,0
€, ,1,8,0,.,0,0,0
€, ,1,5,9,.,0,0,0
€, ,2,7,5,.,0,0,0
€, ,1,6,9,.,0,0,0
€, ,2,5,9,.,0,0,0
€, ,3,2,5,.,0,0,0
€, ,2,5,9,.,0,0,0
€, ,2,0,9,.,0,0,0
€, ,1,8,0,.,0,0,0
€, ,1,6,9,.,0,0,0
€, ,1,5,9,.,0,0,0
€, ,2,0,9,.,0,0,0
€, ,2,7,5,.,0,0,0
€, ,2,4,5,.,0,0,0
€, ,2,8,9,.,0,0,0
€, ,1,7,5,.,0,0,0
€, ,2,9,9,.,0,0,0
€, ,2,1,0,.,0,0,0
€, ,1,9,9,.,0,0,0
€, ,1,9,9,.,0,0,0
€, ,3,2,0,.,0,0,0
€, ,1,9,9,.,0,0,0
€, ,7,5,.,0,0,0,€, ,9,3,.,7,5,0,(,-,2,0,",",0,%,)
€, ,9,7,.,0,0,0
€, ,3,2,0,.,0,0,0
€, ,1,4,5,.,0,0,0
€, ,1,2,9,.,0,0,0
€, ,1,6,8,.,0,0,0
€, ,2,7,0,.,0,0,0
€, ,3,7,9,.,0,0,0
€, ,2,9,8,.,0,0,0
€, ,1,9,5,.,0,0,0
€, ,2,7,0,.,0,0,0
€, ,2,7,0,.,0,0,0
€, ,1,2,5,.,0,0,0
€, ,2,2,9,.,0,0,0
€, ,3,1,9,.,0,0,0
€, ,2,8,9,.,0,0,0
€, ,1,3,5,.,0,0,0
€, ,1,5,0,.,0,0,0
€, ,2,7,9,.,0,0,0
€, ,9,3,.,7,5,0
€, ,1,9,9,.,0,0,0
€, ,2,3,9,.,0,0,0
€, ,1,5,0,.,0,0,0
€, ,2,6,9,.,0,0,0
€, ,1,6,2,.,0,0,0
€, ,1,9,5,.,0,0,0
€, ,1,5,9,.,0,0,0
€, ,1,1,0,.,0,0,0
€, ,1,2,9,.,0,0,0
€, ,1,5,8,.,0,0,0,€, ,1,6,9,.,0,0,0,(,-,6,",",5,%,)
€, ,2,0,9,.,0,0,0
€, ,1,5,3,.,0,0,0
€, ,1,4,0,.,0,0,0
€, ,1,2,9,.,0,0,0
€, ,1,1,5,.,0,0,0
€, ,1,7,5,.,0,0,0
€, ,4,8,.,7,5,0
€, ,2,0,0,.,0,0,0
€, ,1,4,5,.,0,0,0
€, ,1,1,0,.,0,0,0
€, ,1,9,5,.,0,0,0
€, ,1,4,5,.,0,0,0
€, ,1,9,5,.,0,0,0
€, ,2,5,9,.,0,0,0
€, ,1,9,0,.,0,0,0
€, ,4,9,9,.,0,0,0
€, ,3,0,9,.,0,0,0
€, ,1,8,5,.,0,0,0
€, ,1,8,0,.,0,0,0
€, ,2,4,0,.,0,0,0
€, ,3,3,0,.,0,0,0
€, ,1,4,9,.,0,0,0
€, ,2,1,0,.,0,0,0
€, ,1,8,0,.,0,0,0
€, ,3,0,.,0,0,0
€, ,2,9,0,.,0,0,0
€, ,1,7,0,.,0,0,0
€, ,2,8,9,.,0,0,0
€, ,1,8,0,.,0,0,0
€, ,1,8,7,.,0,0,0
€, ,2,3,9,.,0,0,0
€, ,3,3,0,.,0,0,0
